no,url,title
3,https://music.apple.com/jp/album/mikirihassha-p-works-2017/1444665914,
4,https://music.apple.com/us/album/mikirihassha-p-works-2018/1448322399,
7,https://www.qobuz.com/dk-en/album/mikirihassha-p-works-2018-p/x5mdct2t956yc,Album Mikirihassha P Works 2018 見切り発車P | Qobuz: download and streaming in high quality
8,https://play.anghami.com/album/5595400,見切り発車P - Mikirihassha P Works 2017 | Play on Anghami
9,https://www.deezer.com/album/79995952,Deezer HiFi | FLAC音楽と、高音質音楽ストリーミング
10,https://www.pandora.com/artist/p/mikirihassha-p-works-2016/ALKfZqX2d7P62lc,Pandora
12,https://linkco.re/zrxqBUaD?lang=en,The Adventure Of The Stranger by 見切り発車P - TuneCore Japan
14,https://twitter.com/mi_ki_ri/status/1439550691203182593,
18,https://linuxtut.com/en/3e1f276446175a225bd8/,I had Spotify analyze the difference between the Beatles song and my own song and plotted it
19,https://www.codenong.com/3e1f276446175a225bd8/,我让Spotify分析了甲壳虫乐队的歌曲和我自己的歌曲之间的差异，并进行了绘制 | 码农家园
20,https://www.xflac.com/songs/1803540763,おまじない-GReeeeN_flac下载_mp3下载_歌曲免费下载_无损音乐下载_mp3歌曲下载
21,https://music.163.com/album?id=75023341,Mikirihassha P Works 2018 - 見切り発車P - 专辑 - 网易云音乐
22,https://www.nicovideo.jp/tag/%E8%A6%8B%E5%88%87%E3%82%8A%E7%99%BA%E8%BB%8AP,人気の「見切り発車P」動画 259本 - ニコニコ動画
24,https://twitter.com/mi_ki_ri?ref_src=twsrc%5Egoogle%7Ctwcamp%5Eserp%7Ctwgr%5Eauthor,
25,https://twitter.com/mi_ki_ri/status/1461531931552940033?ref_src=twsrc%5Egoogle%7Ctwcamp%5Eserp%7Ctwgr%5Etweet,
26,https://twitter.com/mi_ki_ri/status/1461317308836573193?ref_src=twsrc%5Egoogle%7Ctwcamp%5Eserp%7Ctwgr%5Etweet,
27,https://twitter.com/mi_ki_ri/status/1460590521798184965?ref_src=twsrc%5Egoogle%7Ctwcamp%5Eserp%7Ctwgr%5Etweet,
29,https://audiostock.jp/artists/5807,見切り発車Pさんのプロフィール | Audiostock(オーディオストック)
30,https://audiostock.jp/artists/5807/audios?audio_category=0,見切り発車Pさんが販売中のBGM素材一覧 | Audiostock(オーディオストック)
31,https://music.apple.com/us/artist/%E8%A6%8B%E5%88%87%E3%82%8A%E7%99%BA%E8%BB%8Ap/1472856845,
32,https://recochoku.jp/artist/2000734065/,見切り発車Pの楽曲一覧-人気順(ランキング)、新着順（最新曲）｜2000734065｜レコチョク
34,https://www.tunecore.co.jp/artists?id=182458,見切り発車P - TuneCore Japan
35,https://twitter.com/mi_ki_ri,
36,https://www.amazon.co.jp/%E8%99%9A%E3%81%97%E3%81%84%E5%B7%A6%E6%89%8B/dp/B07V4VY9VZ,Amazon Music - 見切り発車Pの虚しい左手 - Amazon.co.jp
37,https://www.amazon.co.jp/%E8%A6%8B%E5%88%87%E3%82%8A%E7%99%BA%E8%BB%8A%E3%83%AF%E3%83%BC%E3%82%AF%E3%82%B9-2020%E5%B9%B42%E6%9C%9F-%E8%A6%8B%E5%88%87%E3%82%8A%E7%99%BA%E8%BB%8AP/dp/B08CG9NP81,Amazon Music - 見切り発車Pの見切り発車ワークス　2020年2期 - Amazon.co.jp
41,https://music.tower.jp/artist/detail/2000734065,見切り発車Pの人気曲(ランキング)、新着曲（最新曲）MV一覧｜TOWER RECORDS MUSIC
42,https://search.yahoo.co.jp/realtime/search?p=%23%E8%A6%8B%E5%88%87%E3%82%8A%E7%99%BA%E8%BB%8AP,「#見切り発車P」のTwitter検索結果 - Yahoo!リアルタイム検索
46,https://soundquest.jp/user/mi_ki_ri/,見切り発車P | SoundQuest
49,https://booth.pm/ja/search/%E8%A6%8B%E5%88%87%E3%82%8A%E7%99%BA%E8%BB%8AP,見切り発車P に関する人気の同人グッズ7点を通販できる! - BOOTH
50,https://www.qobuz.com/dk-en/album/2021-p/ysdkrpidox0za,Album 見切り発車ワークス　2021年上半期 見切り発車P | Qobuz: download and streaming in high quality
52,https://piapro.jp/mi_ki_ri,piapro(ピアプロ)|見切り発車Pさんのページ
53,https://search.bilibili.com/all?keyword=%E8%A6%8B%E5%88%87%E3%82%8A%E7%99%BA%E8%BB%8AP&from_source=video_tag,見切り発車P _ 搜索结果_哔哩哔哩_Bilibili
54,https://mp3-malina.me/tracks/%E8%A6%8B%E5%88%87%E3%82%8A%E7%99%BA%E8%BB%8AP,見切り発車P - 112 треков. Слушать онлайн на сайте mp3-malina.me
58,https://play.anghami.com/album/1016935680,見切り発車P - 見切り発車ワークス　2020年4期 | Play on Anghami
61,http://mikudb.moe/producer/mikiri-hassap%E8%A6%8B%E5%88%87%E3%82%8A%E7%99%BA%E8%BB%8Apmi_ki_ri/,Mikiri HassaP/見切り発車P/mi_ki_ri Archives - MikuDB
64,https://profile.hatena.ne.jp/mi_ki_ri/,見切り発車Pさんのプロフィール - はてな
65,https://www.pandora.com/artist/ian-ie-ria-he-p/ian-ie-ria-he-wakusu-2020ian-4i/in-shiihao/TRrhd2wgPgZwPwm,Pandora
